<?xml version="1.0" encoding="UTF-8"?>
<root>
  <mothad>User</mothad>
  <object_guid>guid</object_guid>
  <text_go>
    <__bCVA____bCZQ____bCVA__>تست پیدرت</__bCVA____bCZQ____bCVA__>
    <__bCZQ____bCTQ____bCXA____bCVA____bGCQ____EA____bCYQ____bGAQ____bCVA____EA____bCWQ____bCTQ____bCWA____bOGA__>به تخمم🗿</__bCZQ____bCTQ____bCXA____bCVA____bGCQ____EA____bCYQ____bGAQ____bCVA____EA____bCWQ____bCTQ____bCWA____bOGA__>
    <__bGDQ____bGEA____bGCA____bGEA____bCUA____bCTQ____bCVA__>زیر تخمامه🗿</__bGDQ____bGEA____bGCA____bGEA____bCUA____bCTQ____bCVA__>
    <__bKXQ____bOGA____bGCQ__>چی میزنی</__bKXQ____bOGA____bGCQ__>
    <__bCXQ____bCYQ____bCTQ____bGCQ____bCXQ____bCVA____EA____bKDA____bGBA____bCXQ____bCYQ____bGDQ__>اینقدر نگاه اینقدر🗿</__bCXQ____bCYQ____bCTQ____bGCQ____bCXQ____bCVA____EA____bKDA____bGBA____bCXQ____bCYQ____bGDQ__>
    <auth>self</auth>
    <__GE__ number="true">1</__GE__>
    <__GI__ number="true">4</__GI__>
  </text_go>
</root>